{"global_step": 420000, "eval/mean_reward": 9.333333333333334, "eval/best_fitness": 10.0, "_timestamp": 1684752772.071097, "_runtime": 2280.7653379440308, "_step": 6, "_wandb": {"runtime": 2445}}