{"global_step": 60000, "eval/mean_reward": 189.16666666666666, "eval/best_fitness": 255.0, "_timestamp": 1684761731.4027646, "_runtime": 385.198846578598, "_step": 0, "_wandb": {"runtime": 596}}